gene,score,adjusted_pval,sample
ENSG00000196139,72.75608,0.0,SRX17915870
ENSG00000198074,72.70228,0.0,SRX17915870
ENSG00000262814,72.07476,0.0,SRX17915870
ENSG00000127824,71.34741,0.0,SRX17915870
ENSG00000170421,69.76791,0.0,SRX17915870
ENSG00000151632,69.41489,0.0,SRX17915870
ENSG00000135480,69.26327,0.0,SRX17915870
ENSG00000111057,69.14553,0.0,SRX17915870
ENSG00000183207,69.07117,0.0,SRX17915870
ENSG00000168393,69.01176,0.0,SRX17915870
ENSG00000164611,68.82677,0.0,SRX17915870
ENSG00000176153,68.81751,0.0,SRX17915870
ENSG00000142507,68.6048,0.0,SRX17915870
ENSG00000277791,68.57692,0.0,SRX17915870
ENSG00000167085,68.513275,0.0,SRX17915870
ENSG00000188643,68.34105,0.0,SRX17915870
ENSG00000169908,68.18376,0.0,SRX17915870
ENSG00000130204,68.150406,0.0,SRX17915870
ENSG00000205426,68.02233,0.0,SRX17915870
ENSG00000167900,67.40597,0.0,SRX17915870
ENSG00000135624,67.39613,0.0,SRX17915870
ENSG00000239672,66.91347,0.0,SRX17915870
ENSG00000189159,66.838295,0.0,SRX17915870
ENSG00000167644,66.82097,0.0,SRX17915870
ENSG00000177700,66.63026,0.0,SRX17915870
ENSG00000188229,66.597305,0.0,SRX17915870
ENSG00000179091,66.48494,0.0,SRX17915870
ENSG00000106211,66.226654,0.0,SRX17915870
ENSG00000165916,66.079216,0.0,SRX17915870
ENSG00000204922,66.052925,0.0,SRX17915870
ENSG00000179271,65.9952,0.0,SRX17915870
ENSG00000125743,65.93639,0.0,SRX17915870
ENSG00000105254,65.842545,0.0,SRX17915870
ENSG00000100804,65.66622,0.0,SRX17915870
ENSG00000107223,65.63485,0.0,SRX17915870
ENSG00000072506,65.50321,0.0,SRX17915870
ENSG00000159199,65.4807,0.0,SRX17915870
ENSG00000181019,65.350105,0.0,SRX17915870
ENSG00000128626,65.334435,0.0,SRX17915870
ENSG00000213977,64.9551,0.0,SRX17915870
ENSG00000087191,64.87751,0.0,SRX17915870
ENSG00000168894,64.723366,0.0,SRX17915870
ENSG00000165092,64.63987,0.0,SRX17915870
ENSG00000145912,64.536156,0.0,SRX17915870
ENSG00000105379,64.52111,0.0,SRX17915870
ENSG00000182004,64.4233,0.0,SRX17915870
ENSG00000177156,64.17026,0.0,SRX17915870
ENSG00000162910,64.12393,0.0,SRX17915870
ENSG00000179958,64.12246,0.0,SRX17915870
ENSG00000177697,64.12004,0.0,SRX17915870
ENSG00000287001,113.313934,0.0,SRX17150748
ENSG00000105974,104.07562,0.0,SRX17150748
ENSG00000057019,103.77788,0.0,SRX17150748
ENSG00000182752,101.29688,0.0,SRX17150748
ENSG00000198959,100.249565,0.0,SRX17150748
ENSG00000106366,99.82159,0.0,SRX17150748
ENSG00000124225,96.220406,0.0,SRX17150748
ENSG00000134013,96.18668,0.0,SRX17150748
ENSG00000138119,94.62402,0.0,SRX17150748
ENSG00000255198,94.463905,0.0,SRX17150748
ENSG00000167779,94.327934,0.0,SRX17150748
ENSG00000167641,93.66117,0.0,SRX17150748
ENSG00000188153,93.50365,0.0,SRX17150748
ENSG00000135480,93.43432,0.0,SRX17150748
ENSG00000197565,92.99007,0.0,SRX17150748
ENSG00000184347,92.74141,0.0,SRX17150748
ENSG00000227036,92.130875,0.0,SRX17150748
ENSG00000148344,91.99799,0.0,SRX17150748
ENSG00000023839,91.42775,0.0,SRX17150748
ENSG00000205426,91.37555,0.0,SRX17150748
ENSG00000177469,91.314735,0.0,SRX17150748
ENSG00000041353,91.0778,0.0,SRX17150748
ENSG00000164120,91.02352,0.0,SRX17150748
ENSG00000133131,89.99022,0.0,SRX17150748
ENSG00000085662,89.64484,0.0,SRX17150748
ENSG00000099250,89.4659,0.0,SRX17150748
ENSG00000039560,88.73658,0.0,SRX17150748
ENSG00000266402,88.48841,0.0,SRX17150748
ENSG00000140416,87.56747,0.0,SRX17150748
ENSG00000148655,87.36788,0.0,SRX17150748
ENSG00000101361,87.30872,0.0,SRX17150748
ENSG00000105738,86.646965,0.0,SRX17150748
ENSG00000006327,86.336174,0.0,SRX17150748
ENSG00000136205,85.68001,0.0,SRX17150748
ENSG00000005884,85.5517,0.0,SRX17150748
ENSG00000185942,85.45524,0.0,SRX17150748
ENSG00000185215,85.36684,0.0,SRX17150748
ENSG00000164687,84.989426,0.0,SRX17150748
ENSG00000108602,84.70469,0.0,SRX17150748
ENSG00000136448,84.2374,0.0,SRX17150748
ENSG00000135919,84.00281,0.0,SRX17150748
ENSG00000276850,83.92032,0.0,SRX17150748
ENSG00000160211,83.551186,0.0,SRX17150748
ENSG00000171877,83.111,0.0,SRX17150748
ENSG00000183780,82.85948,0.0,SRX17150748
ENSG00000008394,82.661674,0.0,SRX17150748
ENSG00000228253,82.65144,0.0,SRX17150748
ENSG00000120885,81.647484,0.0,SRX17150748
ENSG00000187720,80.8289,0.0,SRX17150748
ENSG00000105281,80.45021,0.0,SRX17150748
ENSG00000176153,79.4417,0.0,SRX25289884
ENSG00000187134,76.4393,0.0,SRX25289884
ENSG00000089127,71.74772,0.0,SRX25289884
ENSG00000168955,71.124756,0.0,SRX25289884
ENSG00000162545,70.23825,0.0,SRX25289884
ENSG00000179862,68.927666,0.0,SRX25289884
ENSG00000104760,68.567955,0.0,SRX25289884
ENSG00000227471,67.80763,0.0,SRX25289884
ENSG00000275216,67.35006,0.0,SRX25289884
ENSG00000121039,66.12615,0.0,SRX25289884
ENSG00000109072,66.04734,0.0,SRX25289884
ENSG00000129007,65.6129,0.0,SRX25289884
ENSG00000196139,64.800316,0.0,SRX25289884
ENSG00000151632,63.849712,0.0,SRX25289884
ENSG00000258818,63.652885,0.0,SRX25289884
ENSG00000198732,63.583076,0.0,SRX25289884
ENSG00000198074,63.51634,0.0,SRX25289884
ENSG00000172572,63.084488,0.0,SRX25289884
ENSG00000163735,62.721695,0.0,SRX25289884
ENSG00000141542,62.61018,0.0,SRX25289884
ENSG00000143819,62.34401,0.0,SRX25289884
ENSG00000214530,61.980522,0.0,SRX25289884
ENSG00000166741,61.97964,0.0,SRX25289884
ENSG00000176907,61.730976,0.0,SRX25289884
ENSG00000214274,61.730824,0.0,SRX25289884
ENSG00000111907,61.58047,0.0,SRX25289884
ENSG00000106541,61.19994,0.0,SRX25289884
ENSG00000128311,61.01722,0.0,SRX25289884
ENSG00000183891,60.65397,0.0,SRX25289884
ENSG00000003436,60.593838,0.0,SRX25289884
ENSG00000133636,60.198547,0.0,SRX25289884
ENSG00000253944,59.982662,0.0,SRX25289884
ENSG00000135750,59.98135,0.0,SRX25289884
ENSG00000205138,59.84227,0.0,SRX25289884
ENSG00000136379,59.65085,0.0,SRX25289884
ENSG00000101255,59.430515,0.0,SRX25289884
ENSG00000272398,59.251534,0.0,SRX25289884
ENSG00000111275,59.219227,0.0,SRX25289884
ENSG00000163993,59.130306,0.0,SRX25289884
ENSG00000149380,58.8933,0.0,SRX25289884
ENSG00000176396,58.68778,0.0,SRX25289884
ENSG00000116711,58.043644,0.0,SRX25289884
ENSG00000173801,57.96998,0.0,SRX25289884
ENSG00000095739,57.92791,0.0,SRX25289884
ENSG00000173237,57.860928,0.0,SRX25289884
ENSG00000124107,57.79828,0.0,SRX25289884
ENSG00000078401,57.787712,0.0,SRX25289884
ENSG00000260027,57.60624,0.0,SRX25289884
ENSG00000108176,57.572697,0.0,SRX25289884
ENSG00000175832,57.463753,0.0,SRX25289884
ENSG00000185811,122.86401,0.0,SRX21897873
ENSG00000271503,122.73143,0.0,SRX21897873
ENSG00000152495,122.67842,0.0,SRX21897873
ENSG00000115232,122.6043,0.0,SRX21897873
ENSG00000155307,122.193146,0.0,SRX21897873
ENSG00000172673,122.0206,0.0,SRX21897873
ENSG00000075884,121.87019,0.0,SRX21897873
ENSG00000198821,121.74198,0.0,SRX21897873
ENSG00000081237,120.85662,0.0,SRX21897873
ENSG00000134954,120.85331,0.0,SRX21897873
ENSG00000155849,120.17735,0.0,SRX21897873
ENSG00000127152,119.81471,0.0,SRX21897873
ENSG00000111348,119.76366,0.0,SRX21897873
ENSG00000169442,119.29786,0.0,SRX21897873
ENSG00000136167,119.22289,0.0,SRX21897873
ENSG00000069493,118.7748,0.0,SRX21897873
ENSG00000135842,118.30758,0.0,SRX21897873
ENSG00000115165,117.935,0.0,SRX21897873
ENSG00000134242,117.78651,0.0,SRX21897873
ENSG00000116824,117.66233,0.0,SRX21897873
ENSG00000081320,117.42545,0.0,SRX21897873
ENSG00000113263,117.41014,0.0,SRX21897873
ENSG00000118503,116.98934,0.0,SRX21897873
ENSG00000153283,116.94043,0.0,SRX21897873
ENSG00000168421,116.54689,0.0,SRX21897873
ENSG00000102760,116.08799,0.0,SRX21897873
ENSG00000167286,115.98319,0.0,SRX21897873
ENSG00000102879,115.876144,0.0,SRX21897873
ENSG00000027075,115.79721,0.0,SRX21897873
ENSG00000107099,115.606766,0.0,SRX21897873
ENSG00000168918,115.34943,0.0,SRX21897873
ENSG00000076641,115.21151,0.0,SRX21897873
ENSG00000065413,115.11552,0.0,SRX21897873
ENSG00000134516,114.97971,0.0,SRX21897873
ENSG00000048740,113.83793,0.0,SRX21897873
ENSG00000110848,113.79065,0.0,SRX21897873
ENSG00000130592,113.449974,0.0,SRX21897873
ENSG00000198851,113.27531,0.0,SRX21897873
ENSG00000163297,112.966194,0.0,SRX21897873
ENSG00000151702,112.01762,0.0,SRX21897873
ENSG00000182866,111.99714,0.0,SRX21897873
ENSG00000159216,111.73417,0.0,SRX21897873
ENSG00000065675,111.73344,0.0,SRX21897873
ENSG00000277734,111.525925,0.0,SRX21897873
ENSG00000077420,111.29478,0.0,SRX21897873
ENSG00000170571,111.19358,0.0,SRX21897873
ENSG00000234745,111.00395,0.0,SRX21897873
ENSG00000138378,110.82311,0.0,SRX21897873
ENSG00000101096,110.80533,0.0,SRX21897873
ENSG00000009790,110.77178,0.0,SRX21897873
ENSG00000172572,78.11997,0.0,SRX25289889
ENSG00000146674,74.14062,0.0,SRX25289889
ENSG00000145920,73.821075,0.0,SRX25289889
ENSG00000281903,72.43169,0.0,SRX25289889
ENSG00000125398,70.13844,0.0,SRX25289889
ENSG00000038427,69.8386,0.0,SRX25289889
ENSG00000198732,69.79841,0.0,SRX25289889
ENSG00000205336,69.09062,0.0,SRX25289889
ENSG00000115414,68.95623,0.0,SRX25289889
ENSG00000074590,68.45734,0.0,SRX25289889
ENSG00000187193,66.64004,0.0,SRX25289889
ENSG00000214803,66.47877,0.0,SRX25289889
ENSG00000164136,66.358475,0.0,SRX25289889
ENSG00000111700,65.7075,0.0,SRX25289889
ENSG00000153714,65.67779,0.0,SRX25289889
ENSG00000198517,65.221954,0.0,SRX25289889
ENSG00000142303,64.84907,0.0,SRX25289889
ENSG00000172159,64.32259,0.0,SRX25289889
ENSG00000159403,64.28479,0.0,SRX25289889
ENSG00000147642,63.764755,0.0,SRX25289889
ENSG00000104760,63.579212,0.0,SRX25289889
ENSG00000140538,63.57132,0.0,SRX25289889
ENSG00000112837,62.62529,0.0,SRX25289889
ENSG00000165376,62.508804,0.0,SRX25289889
ENSG00000113916,62.235477,0.0,SRX25289889
ENSG00000198959,62.230854,0.0,SRX25289889
ENSG00000149380,62.12347,0.0,SRX25289889
ENSG00000254166,61.8095,0.0,SRX25289889
ENSG00000109072,60.81853,0.0,SRX25289889
ENSG00000271204,60.76793,0.0,SRX25289889
ENSG00000174705,60.632515,0.0,SRX25289889
ENSG00000120211,60.448406,0.0,SRX25289889
ENSG00000129595,59.85936,0.0,SRX25289889
ENSG00000073756,59.29638,0.0,SRX25289889
ENSG00000138685,59.137867,0.0,SRX25289889
ENSG00000197766,58.649998,0.0,SRX25289889
ENSG00000141738,58.39539,0.0,SRX25289889
ENSG00000171150,58.149982,0.0,SRX25289889
ENSG00000182326,58.11743,0.0,SRX25289889
ENSG00000099822,58.076996,0.0,SRX25289889
ENSG00000153885,57.95168,0.0,SRX25289889
ENSG00000111799,57.83245,0.0,SRX25289889
ENSG00000116711,57.524452,0.0,SRX25289889
ENSG00000275216,57.463615,0.0,SRX25289889
ENSG00000095739,57.00865,0.0,SRX25289889
ENSG00000175155,56.9835,0.0,SRX25289889
ENSG00000170214,56.75583,0.0,SRX25289889
ENSG00000173599,56.569794,0.0,SRX25289889
ENSG00000135373,56.476093,0.0,SRX25289889
ENSG00000176697,56.343864,0.0,SRX25289889
ENSG00000214803,80.620255,0.0,SRX25289882
ENSG00000281903,78.613,0.0,SRX25289882
ENSG00000172572,77.553474,0.0,SRX25289882
ENSG00000146674,76.55123,0.0,SRX25289882
ENSG00000145920,72.38192,0.0,SRX25289882
ENSG00000120211,71.669556,0.0,SRX25289882
ENSG00000205754,70.32356,0.0,SRX25289882
ENSG00000038427,69.40012,0.0,SRX25289882
ENSG00000117983,68.93504,0.0,SRX25289882
ENSG00000164136,68.05889,0.0,SRX25289882
ENSG00000153714,67.007996,0.0,SRX25289882
ENSG00000106541,66.8095,0.0,SRX25289882
ENSG00000176153,66.23603,0.0,SRX25289882
ENSG00000198959,66.12913,0.0,SRX25289882
ENSG00000092621,66.11507,0.0,SRX25289882
ENSG00000197140,65.97091,0.0,SRX25289882
ENSG00000205336,65.78864,0.0,SRX25289882
ENSG00000198732,65.680885,0.0,SRX25289882
ENSG00000124107,65.52252,0.0,SRX25289882
ENSG00000176697,65.25784,0.0,SRX25289882
ENSG00000125398,64.971016,0.0,SRX25289882
ENSG00000111700,64.62723,0.0,SRX25289882
ENSG00000104760,64.35959,0.0,SRX25289882
ENSG00000197766,64.2449,0.0,SRX25289882
ENSG00000187244,64.07881,0.0,SRX25289882
ENSG00000112837,63.936375,0.0,SRX25289882
ENSG00000169242,63.928753,0.0,SRX25289882
ENSG00000254166,63.281387,0.0,SRX25289882
ENSG00000247081,63.06116,0.0,SRX25289882
ENSG00000233493,62.84956,0.0,SRX25289882
ENSG00000215182,62.845573,0.0,SRX25289882
ENSG00000113916,62.65115,0.0,SRX25289882
ENSG00000183010,62.370716,0.0,SRX25289882
ENSG00000111275,62.313972,0.0,SRX25289882
ENSG00000221869,62.261665,0.0,SRX25289882
ENSG00000187134,62.066597,0.0,SRX25289882
ENSG00000275216,61.082108,0.0,SRX25289882
ENSG00000099822,61.057384,0.0,SRX25289882
ENSG00000151632,60.707726,0.0,SRX25289882
ENSG00000109072,59.358105,0.0,SRX25289882
ENSG00000095739,59.221336,0.0,SRX25289882
ENSG00000163735,59.08802,0.0,SRX25289882
ENSG00000198355,58.282722,0.0,SRX25289882
ENSG00000203724,58.17527,0.0,SRX25289882
ENSG00000138166,58.13339,0.0,SRX25289882
ENSG00000142303,58.08693,0.0,SRX25289882
ENSG00000187193,57.998962,0.0,SRX25289882
ENSG00000115414,57.94939,0.0,SRX25289882
ENSG00000148346,57.918568,0.0,SRX25289882
ENSG00000133636,57.9034,0.0,SRX25289882
ENSG00000130513,173.97797,0.0,SRX17150747
ENSG00000124762,172.53249,0.0,SRX17150747
ENSG00000138061,163.72818,0.0,SRX17150747
ENSG00000160211,158.3379,0.0,SRX17150747
ENSG00000141753,157.8776,0.0,SRX17150747
ENSG00000126247,155.57135,0.0,SRX17150747
ENSG00000057019,155.13828,0.0,SRX17150747
ENSG00000023839,153.1127,0.0,SRX17150747
ENSG00000135679,152.6296,0.0,SRX17150747
ENSG00000138119,152.23993,0.0,SRX17150747
ENSG00000120885,150.68697,0.0,SRX17150747
ENSG00000105738,149.04008,0.0,SRX17150747
ENSG00000090013,148.89345,0.0,SRX17150747
ENSG00000268621,148.20058,0.0,SRX17150747
ENSG00000249859,147.32643,0.0,SRX17150747
ENSG00000085662,147.28847,0.0,SRX17150747
ENSG00000167641,147.16751,0.0,SRX17150747
ENSG00000135480,147.06662,0.0,SRX17150747
ENSG00000142227,146.82858,0.0,SRX17150747
ENSG00000108602,146.30365,0.0,SRX17150747
ENSG00000205426,145.92313,0.0,SRX17150747
ENSG00000105974,144.01357,0.0,SRX17150747
ENSG00000227036,143.77396,0.0,SRX17150747
ENSG00000105202,143.60252,0.0,SRX17150747
ENSG00000087088,143.39919,0.0,SRX17150747
ENSG00000005884,143.2071,0.0,SRX17150747
ENSG00000183780,142.82903,0.0,SRX17150747
ENSG00000181019,142.31369,0.0,SRX17150747
ENSG00000167642,142.10123,0.0,SRX17150747
ENSG00000187720,142.08925,0.0,SRX17150747
ENSG00000142657,141.9223,0.0,SRX17150747
ENSG00000128626,141.59627,0.0,SRX17150747
ENSG00000101871,140.41101,0.0,SRX17150747
ENSG00000108561,140.20946,0.0,SRX17150747
ENSG00000186395,140.14091,0.0,SRX17150747
ENSG00000161011,139.63475,0.0,SRX17150747
ENSG00000167644,139.53702,0.0,SRX17150747
ENSG00000159199,139.12831,0.0,SRX17150747
ENSG00000239672,138.48914,0.0,SRX17150747
ENSG00000140859,138.31111,0.0,SRX17150747
ENSG00000105185,138.29465,0.0,SRX17150747
ENSG00000067225,137.95087,0.0,SRX17150747
ENSG00000042753,137.88454,0.0,SRX17150747
ENSG00000185088,137.34772,0.0,SRX17150747
ENSG00000132507,137.32933,0.0,SRX17150747
ENSG00000242372,137.15549,0.0,SRX17150747
ENSG00000116833,136.63403,0.0,SRX17150747
ENSG00000160789,136.58542,0.0,SRX17150747
ENSG00000123416,136.51888,0.0,SRX17150747
ENSG00000134333,136.24931,0.0,SRX17150747
ENSG00000172572,86.53232,0.0,SRX25289890
ENSG00000146674,82.12243,0.0,SRX25289890
ENSG00000145920,81.96893,0.0,SRX25289890
ENSG00000281903,80.362625,0.0,SRX25289890
ENSG00000198732,78.325905,0.0,SRX25289890
ENSG00000038427,77.776505,0.0,SRX25289890
ENSG00000125398,77.48183,0.0,SRX25289890
ENSG00000115414,77.29911,0.0,SRX25289890
ENSG00000205336,76.343544,0.0,SRX25289890
ENSG00000074590,75.70281,0.0,SRX25289890
ENSG00000187193,74.38354,0.0,SRX25289890
ENSG00000111700,73.510414,0.0,SRX25289890
ENSG00000164136,73.19815,0.0,SRX25289890
ENSG00000153714,72.88833,0.0,SRX25289890
ENSG00000214803,71.86785,0.0,SRX25289890
ENSG00000172159,71.4171,0.0,SRX25289890
ENSG00000198517,70.91316,0.0,SRX25289890
ENSG00000112837,70.46901,0.0,SRX25289890
ENSG00000104760,70.270874,0.0,SRX25289890
ENSG00000142303,69.911026,0.0,SRX25289890
ENSG00000147642,69.74272,0.0,SRX25289890
ENSG00000140538,69.25323,0.0,SRX25289890
ENSG00000198959,69.18044,0.0,SRX25289890
ENSG00000149380,68.73726,0.0,SRX25289890
ENSG00000165376,68.375175,0.0,SRX25289890
ENSG00000113916,68.064,0.0,SRX25289890
ENSG00000159403,67.918015,0.0,SRX25289890
ENSG00000254166,67.81626,0.0,SRX25289890
ENSG00000129595,67.33141,0.0,SRX25289890
ENSG00000109072,66.6993,0.0,SRX25289890
ENSG00000275216,66.473145,0.0,SRX25289890
ENSG00000073756,66.11848,0.0,SRX25289890
ENSG00000197766,65.985985,0.0,SRX25289890
ENSG00000271204,65.77844,0.0,SRX25289890
ENSG00000138685,65.76139,0.0,SRX25289890
ENSG00000174705,65.45108,0.0,SRX25289890
ENSG00000120211,65.069725,0.0,SRX25289890
ENSG00000171150,64.56452,0.0,SRX25289890
ENSG00000004799,64.55156,0.0,SRX25289890
ENSG00000182326,64.50777,0.0,SRX25289890
ENSG00000116711,64.45262,0.0,SRX25289890
ENSG00000176153,63.15358,0.0,SRX25289890
ENSG00000141738,63.13848,0.0,SRX25289890
ENSG00000095739,62.943,0.0,SRX25289890
ENSG00000135373,62.83516,0.0,SRX25289890
ENSG00000183098,62.677948,0.0,SRX25289890
ENSG00000173166,62.634975,0.0,SRX25289890
ENSG00000272398,62.582542,0.0,SRX25289890
ENSG00000153885,62.35632,0.0,SRX25289890
ENSG00000170214,62.32019,0.0,SRX25289890
ENSG00000280441,56.082737,0.0,ERX8792190
ENSG00000255823,54.07991,0.0,ERX8792190
ENSG00000167526,52.61657,0.0,ERX8792190
ENSG00000251562,52.578224,0.0,ERX8792190
ENSG00000136156,46.203114,0.0,ERX8792190
ENSG00000168298,44.164345,0.0,ERX8792190
ENSG00000198804,43.862133,0.0,ERX8792190
ENSG00000167658,42.18973,0.0,ERX8792190
ENSG00000269028,38.316452,0.0,ERX8792190
ENSG00000156508,32.095016,1.9474006063365027e-224,ERX8792190
ENSG00000231079,31.882729,1.6802825335617676e-221,ERX8792190
ENSG00000244734,29.321278,1.2945189730811136e-187,ERX8792190
ENSG00000108654,29.055498,2.944084583937112e-184,ERX8792190
ENSG00000070756,26.229332,1.8555049214142968e-150,ERX8792190
ENSG00000133112,24.31053,1.8388002254061383e-129,ERX8792190
ENSG00000206172,24.037613,1.3236102813962371e-126,ERX8792190
ENSG00000188536,23.212543,3.662173747134122e-118,ERX8792190
ENSG00000174444,22.339972,1.499425374558801e-109,ERX8792190
ENSG00000162722,22.238115,1.4426977319580248e-108,ERX8792190
ENSG00000158578,20.999847,5.678932246728084e-97,ERX8792190
ENSG00000075624,20.39757,1.432417188659297e-91,ERX8792190
ENSG00000004939,20.063074,1.2261380123629268e-88,ERX8792190
ENSG00000228716,19.261374,8.313344061318387e-82,ERX8792190
ENSG00000157514,19.250769,1.018463330619152e-81,ERX8792190
ENSG00000273149,19.065899,3.492954209078201e-80,ERX8792190
ENSG00000278996,18.435476,4.671602205227201e-75,ERX8792190
ENSG00000211772,18.37775,1.3508512176139877e-74,ERX8792190
ENSG00000133742,18.22332,2.2732777808002455e-73,ERX8792190
ENSG00000118503,18.121397,1.4431423287827437e-72,ERX8792190
ENSG00000109475,17.709488,2.2834015623703717e-69,ERX8792190
ENSG00000163554,17.469265,1.5552185963994965e-67,ERX8792190
ENSG00000185811,16.199224,2.957316601031237e-58,ERX8792190
ENSG00000206503,15.811438,1.4631856210534611e-55,ERX8792190
ENSG00000065978,15.354309,1.8028561752900432e-52,ERX8792190
ENSG00000183508,15.144056,4.4350000688768775e-51,ERX8792190
ENSG00000223609,14.970734,6.033979820629521e-50,ERX8792190
ENSG00000112077,14.895149,1.865503885118025e-49,ERX8792190
ENSG00000135218,14.761994,1.3433739995923227e-48,ERX8792190
ENSG00000146278,13.393198,3.15833182070342e-40,ERX8792190
ENSG00000162511,13.024257,4.149983930027989e-38,ERX8792190
ENSG00000105610,12.99947,5.726030156224971e-38,ERX8792190
ENSG00000130830,12.896776,2.166458214754896e-37,ERX8792190
ENSG00000137193,12.856309,3.650332774002273e-37,ERX8792190
ENSG00000081237,12.652226,4.9495563735617304e-36,ERX8792190
ENSG00000115232,12.268347,5.951663793796062e-34,ERX8792190
ENSG00000143119,11.800249,1.6875984225144203e-31,ERX8792190
ENSG00000206177,11.685516,6.511484049208512e-31,ERX8792190
ENSG00000029534,11.6249275,1.3226045372723062e-30,ERX8792190
ENSG00000136929,11.620459,1.3932962186827057e-30,ERX8792190
ENSG00000110848,11.616511,1.4586087666383972e-30,ERX8792190
ENSG00000142089,109.271095,0.0,SRX19215443
ENSG00000171345,104.45899,0.0,SRX19215443
ENSG00000124107,96.50059,0.0,SRX19215443
ENSG00000213853,94.84591,0.0,SRX19215443
ENSG00000109861,91.91448,0.0,SRX19215443
ENSG00000196878,90.2149,0.0,SRX19215443
ENSG00000088205,89.48108,0.0,SRX19215443
ENSG00000106541,88.81767,0.0,SRX19215443
ENSG00000125968,88.28749,0.0,SRX19215443
ENSG00000084234,87.45944,0.0,SRX19215443
ENSG00000132329,86.439095,0.0,SRX19215443
ENSG00000196754,85.922295,0.0,SRX19215443
ENSG00000173852,85.63658,0.0,SRX19215443
ENSG00000085063,84.14605,0.0,SRX19215443
ENSG00000277443,83.79892,0.0,SRX19215443
ENSG00000149257,83.18749,0.0,SRX19215443
ENSG00000170955,82.75966,0.0,SRX19215443
ENSG00000129116,82.339424,0.0,SRX19215443
ENSG00000138385,82.185036,0.0,SRX19215443
ENSG00000106546,81.930405,0.0,SRX19215443
ENSG00000134970,81.55728,0.0,SRX19215443
ENSG00000115380,81.46053,0.0,SRX19215443
ENSG00000226383,81.44716,0.0,SRX19215443
ENSG00000128641,81.4085,0.0,SRX19215443
ENSG00000074695,81.06583,0.0,SRX19215443
ENSG00000168615,80.372574,0.0,SRX19215443
ENSG00000196950,80.095436,0.0,SRX19215443
ENSG00000110492,80.08918,0.0,SRX19215443
ENSG00000142871,78.790184,0.0,SRX19215443
ENSG00000167815,78.57732,0.0,SRX19215443
ENSG00000115524,78.13128,0.0,SRX19215443
ENSG00000087502,78.10317,0.0,SRX19215443
ENSG00000128595,77.271576,0.0,SRX19215443
ENSG00000127824,77.19913,0.0,SRX19215443
ENSG00000128050,76.71228,0.0,SRX19215443
ENSG00000131981,76.52535,0.0,SRX19215443
ENSG00000091409,75.94656,0.0,SRX19215443
ENSG00000155438,75.61484,0.0,SRX19215443
ENSG00000001036,75.16434,0.0,SRX19215443
ENSG00000150753,74.997604,0.0,SRX19215443
ENSG00000169908,74.826065,0.0,SRX19215443
ENSG00000090520,74.5505,0.0,SRX19215443
ENSG00000137962,74.460846,0.0,SRX19215443
ENSG00000010278,74.0672,0.0,SRX19215443
ENSG00000044574,74.04874,0.0,SRX19215443
ENSG00000139921,73.95224,0.0,SRX19215443
ENSG00000150687,73.7388,0.0,SRX19215443
ENSG00000082153,73.53965,0.0,SRX19215443
ENSG00000167004,73.48233,0.0,SRX19215443
ENSG00000255248,73.40373,0.0,SRX19215443
ENSG00000146166,79.47314,0.0,SRX25289894
ENSG00000172572,78.89446,0.0,SRX25289894
ENSG00000038427,74.75783,0.0,SRX25289894
ENSG00000198732,73.47428,0.0,SRX25289894
ENSG00000115414,73.12632,0.0,SRX25289894
ENSG00000253944,71.84339,0.0,SRX25289894
ENSG00000063127,71.10622,0.0,SRX25289894
ENSG00000142303,70.328156,0.0,SRX25289894
ENSG00000121039,69.37735,0.0,SRX25289894
ENSG00000187134,69.2517,0.0,SRX25289894
ENSG00000113916,67.116905,0.0,SRX25289894
ENSG00000003436,66.378395,0.0,SRX25289894
ENSG00000176153,65.739975,0.0,SRX25289894
ENSG00000104760,65.45241,0.0,SRX25289894
ENSG00000205754,65.42313,0.0,SRX25289894
ENSG00000203721,64.853676,0.0,SRX25289894
ENSG00000173801,64.74816,0.0,SRX25289894
ENSG00000258818,64.34249,0.0,SRX25289894
ENSG00000112837,64.14807,0.0,SRX25289894
ENSG00000146674,64.01752,0.0,SRX25289894
ENSG00000141542,63.69788,0.0,SRX25289894
ENSG00000129595,63.10007,0.0,SRX25289894
ENSG00000173599,61.864212,0.0,SRX25289894
ENSG00000168398,61.82178,0.0,SRX25289894
ENSG00000182326,61.809177,0.0,SRX25289894
ENSG00000111907,61.447304,0.0,SRX25289894
ENSG00000271204,61.179813,0.0,SRX25289894
ENSG00000276256,61.074936,0.0,SRX25289894
ENSG00000153714,60.833736,0.0,SRX25289894
ENSG00000138166,60.48064,0.0,SRX25289894
ENSG00000172159,60.469288,0.0,SRX25289894
ENSG00000003989,60.438797,0.0,SRX25289894
ENSG00000159403,60.158676,0.0,SRX25289894
ENSG00000260971,60.09505,0.0,SRX25289894
ENSG00000095383,59.91228,0.0,SRX25289894
ENSG00000125398,59.879116,0.0,SRX25289894
ENSG00000173621,59.746502,0.0,SRX25289894
ENSG00000188906,59.400585,0.0,SRX25289894
ENSG00000162545,59.18468,0.0,SRX25289894
ENSG00000139266,59.06761,0.0,SRX25289894
ENSG00000111700,58.996746,0.0,SRX25289894
ENSG00000081052,58.879017,0.0,SRX25289894
ENSG00000019505,58.87674,0.0,SRX25289894
ENSG00000185950,58.614243,0.0,SRX25289894
ENSG00000146373,58.257454,0.0,SRX25289894
ENSG00000077092,58.08695,0.0,SRX25289894
ENSG00000241388,58.056084,0.0,SRX25289894
ENSG00000246922,57.99956,0.0,SRX25289894
ENSG00000257354,57.648067,0.0,SRX25289894
ENSG00000163735,57.493237,0.0,SRX25289894
ENSG00000198074,71.25087,0.0,SRX17915869
ENSG00000196139,70.13646,0.0,SRX17915869
ENSG00000262814,68.7052,0.0,SRX17915869
ENSG00000169908,67.68132,0.0,SRX17915869
ENSG00000127824,67.677635,0.0,SRX17915869
ENSG00000176153,67.00639,0.0,SRX17915869
ENSG00000170421,66.604324,0.0,SRX17915869
ENSG00000183207,66.27126,0.0,SRX17915869
ENSG00000111057,66.24474,0.0,SRX17915869
ENSG00000135480,66.20242,0.0,SRX17915869
ENSG00000142507,66.18121,0.0,SRX17915869
ENSG00000168393,66.12066,0.0,SRX17915869
ENSG00000167900,65.78544,0.0,SRX17915869
ENSG00000164611,65.60608,0.0,SRX17915869
ENSG00000205426,65.29416,0.0,SRX17915869
ENSG00000167085,65.199135,0.0,SRX17915869
ENSG00000130204,65.13698,0.0,SRX17915869
ENSG00000188643,64.82207,0.0,SRX17915869
ENSG00000151632,64.76258,0.0,SRX17915869
ENSG00000277791,64.69875,0.0,SRX17915869
ENSG00000135624,64.48595,0.0,SRX17915869
ENSG00000187608,64.039055,0.0,SRX17915869
ENSG00000189159,63.86201,0.0,SRX17915869
ENSG00000188229,63.72504,0.0,SRX17915869
ENSG00000105254,63.66808,0.0,SRX17915869
ENSG00000179091,63.35775,0.0,SRX17915869
ENSG00000106211,63.35538,0.0,SRX17915869
ENSG00000106541,63.250355,0.0,SRX17915869
ENSG00000128626,63.22013,0.0,SRX17915869
ENSG00000072506,63.193142,0.0,SRX17915869
ENSG00000239672,62.90923,0.0,SRX17915869
ENSG00000181019,62.908573,0.0,SRX17915869
ENSG00000087191,62.75094,0.0,SRX17915869
ENSG00000165092,62.6105,0.0,SRX17915869
ENSG00000165916,62.307568,0.0,SRX17915869
ENSG00000105197,62.15063,0.0,SRX17915869
ENSG00000179271,62.12278,0.0,SRX17915869
ENSG00000204922,61.95105,0.0,SRX17915869
ENSG00000125743,61.950638,0.0,SRX17915869
ENSG00000107223,61.93978,0.0,SRX17915869
ENSG00000159199,61.93286,0.0,SRX17915869
ENSG00000100804,61.86747,0.0,SRX17915869
ENSG00000189306,61.865036,0.0,SRX17915869
ENSG00000213977,61.705658,0.0,SRX17915869
ENSG00000162910,61.637222,0.0,SRX17915869
ENSG00000173207,61.473255,0.0,SRX17915869
ENSG00000143314,61.450672,0.0,SRX17915869
ENSG00000090273,61.439045,0.0,SRX17915869
ENSG00000177700,61.417625,0.0,SRX17915869
ENSG00000167644,61.39153,0.0,SRX17915869
ENSG00000139973,103.824196,0.0,SRX25289893
ENSG00000222005,103.34736,0.0,SRX25289893
ENSG00000235575,103.20923,0.0,SRX25289893
ENSG00000166796,103.08958,0.0,SRX25289893
ENSG00000164330,100.02669,0.0,SRX25289893
ENSG00000187193,99.61943,0.0,SRX25289893
ENSG00000155530,97.26881,0.0,SRX25289893
ENSG00000175318,95.98256,0.0,SRX25289893
ENSG00000149380,95.78619,0.0,SRX25289893
ENSG00000165376,94.81484,0.0,SRX25289893
ENSG00000245750,94.202255,0.0,SRX25289893
ENSG00000258077,91.620964,0.0,SRX25289893
ENSG00000188897,91.24972,0.0,SRX25289893
ENSG00000176153,91.11566,0.0,SRX25289893
ENSG00000111907,90.60077,0.0,SRX25289893
ENSG00000162545,90.529755,0.0,SRX25289893
ENSG00000143552,89.989624,0.0,SRX25289893
ENSG00000273143,89.84154,0.0,SRX25289893
ENSG00000257242,89.264824,0.0,SRX25289893
ENSG00000150722,89.24965,0.0,SRX25289893
ENSG00000239605,88.666435,0.0,SRX25289893
ENSG00000272398,88.640465,0.0,SRX25289893
ENSG00000226453,88.50618,0.0,SRX25289893
ENSG00000227471,88.33231,0.0,SRX25289893
ENSG00000281903,87.62406,0.0,SRX25289893
ENSG00000124749,87.6046,0.0,SRX25289893
ENSG00000214595,87.1105,0.0,SRX25289893
ENSG00000258344,87.03364,0.0,SRX25289893
ENSG00000215244,86.41761,0.0,SRX25289893
ENSG00000111700,85.80359,0.0,SRX25289893
ENSG00000205754,85.60825,0.0,SRX25289893
ENSG00000137337,85.49075,0.0,SRX25289893
ENSG00000168955,85.46306,0.0,SRX25289893
ENSG00000247134,84.96866,0.0,SRX25289893
ENSG00000196139,84.94401,0.0,SRX25289893
ENSG00000166800,84.12853,0.0,SRX25289893
ENSG00000013297,83.49632,0.0,SRX25289893
ENSG00000104760,83.32389,0.0,SRX25289893
ENSG00000235823,83.315384,0.0,SRX25289893
ENSG00000067167,83.3074,0.0,SRX25289893
ENSG00000137312,83.0542,0.0,SRX25289893
ENSG00000198732,82.40965,0.0,SRX25289893
ENSG00000151632,81.83849,0.0,SRX25289893
ENSG00000234997,81.81266,0.0,SRX25289893
ENSG00000198074,81.78094,0.0,SRX25289893
ENSG00000165091,81.231,0.0,SRX25289893
ENSG00000173221,81.229744,0.0,SRX25289893
ENSG00000129521,81.05955,0.0,SRX25289893
ENSG00000286480,81.02278,0.0,SRX25289893
ENSG00000172572,80.87934,0.0,SRX25289893
ENSG00000083067,144.2769,0.0,SRX17488180
ENSG00000006042,143.78357,0.0,SRX17488180
ENSG00000107317,141.98392,0.0,SRX17488180
ENSG00000185532,140.38158,0.0,SRX17488180
ENSG00000185664,140.25824,0.0,SRX17488180
ENSG00000114115,139.69885,0.0,SRX17488180
ENSG00000118271,137.44687,0.0,SRX17488180
ENSG00000100234,137.07655,0.0,SRX17488180
ENSG00000102409,135.62834,0.0,SRX17488180
ENSG00000134986,135.02086,0.0,SRX17488180
ENSG00000113140,134.95123,0.0,SRX17488180
ENSG00000130203,134.37723,0.0,SRX17488180
ENSG00000248874,134.11229,0.0,SRX17488180
ENSG00000158270,134.01483,0.0,SRX17488180
ENSG00000117394,132.6162,0.0,SRX17488180
ENSG00000115461,131.72874,0.0,SRX17488180
ENSG00000133134,130.06847,0.0,SRX17488180
ENSG00000132386,128.48373,0.0,SRX17488180
ENSG00000134532,127.73074,0.0,SRX17488180
ENSG00000162493,127.384415,0.0,SRX17488180
ENSG00000107165,126.86467,0.0,SRX17488180
ENSG00000129757,126.45444,0.0,SRX17488180
ENSG00000154556,126.36557,0.0,SRX17488180
ENSG00000134160,126.00334,0.0,SRX17488180
ENSG00000182636,125.803444,0.0,SRX17488180
ENSG00000149212,124.95119,0.0,SRX17488180
ENSG00000168916,124.93951,0.0,SRX17488180
ENSG00000092068,124.62587,0.0,SRX17488180
ENSG00000183722,124.41276,0.0,SRX17488180
ENSG00000135821,124.401985,0.0,SRX17488180
ENSG00000198597,124.32216,0.0,SRX17488180
ENSG00000187098,123.74179,0.0,SRX17488180
ENSG00000165588,123.67044,0.0,SRX17488180
ENSG00000185737,123.421776,0.0,SRX17488180
ENSG00000100979,123.370026,0.0,SRX17488180
ENSG00000138083,122.92813,0.0,SRX17488180
ENSG00000150625,122.764854,0.0,SRX17488180
ENSG00000167815,122.32511,0.0,SRX17488180
ENSG00000184613,122.289604,0.0,SRX17488180
ENSG00000121005,121.38598,0.0,SRX17488180
ENSG00000176058,121.37223,0.0,SRX17488180
ENSG00000120549,121.16957,0.0,SRX17488180
ENSG00000141447,120.965996,0.0,SRX17488180
ENSG00000134769,120.71739,0.0,SRX17488180
ENSG00000152661,120.493034,0.0,SRX17488180
ENSG00000185070,119.7667,0.0,SRX17488180
ENSG00000251363,119.50965,0.0,SRX17488180
ENSG00000124920,119.35902,0.0,SRX17488180
ENSG00000178568,119.078636,0.0,SRX17488180
ENSG00000145147,118.25528,0.0,SRX17488180
ENSG00000125148,143.12592,0.0,SRX26771412
ENSG00000124614,143.06683,0.0,SRX26771412
ENSG00000071082,138.28497,0.0,SRX26771412
ENSG00000106211,135.93004,0.0,SRX26771412
ENSG00000164405,134.39622,0.0,SRX26771412
ENSG00000119705,134.36404,0.0,SRX26771412
ENSG00000008988,134.09973,0.0,SRX26771412
ENSG00000287001,133.11493,0.0,SRX26771412
ENSG00000147604,132.63124,0.0,SRX26771412
ENSG00000182774,132.38329,0.0,SRX26771412
ENSG00000241343,131.73454,0.0,SRX26771412
ENSG00000118181,131.3289,0.0,SRX26771412
ENSG00000182899,130.27318,0.0,SRX26771412
ENSG00000127184,130.24472,0.0,SRX26771412
ENSG00000169020,129.65749,0.0,SRX26771412
ENSG00000130255,129.58765,0.0,SRX26771412
ENSG00000240972,129.5505,0.0,SRX26771412
ENSG00000196683,129.29393,0.0,SRX26771412
ENSG00000235979,128.77785,0.0,SRX26771412
ENSG00000100097,128.33197,0.0,SRX26771412
ENSG00000127540,127.86277,0.0,SRX26771412
ENSG00000245910,127.581696,0.0,SRX26771412
ENSG00000254772,127.2497,0.0,SRX26771412
ENSG00000172809,127.09968,0.0,SRX26771412
ENSG00000171858,126.89416,0.0,SRX26771412
ENSG00000234741,126.81666,0.0,SRX26771412
ENSG00000166441,126.01482,0.0,SRX26771412
ENSG00000173660,125.96907,0.0,SRX26771412
ENSG00000112695,125.91498,0.0,SRX26771412
ENSG00000115268,125.83894,0.0,SRX26771412
ENSG00000105889,125.597984,0.0,SRX26771412
ENSG00000109475,125.52251,0.0,SRX26771412
ENSG00000169715,125.3207,0.0,SRX26771412
ENSG00000197756,124.646355,0.0,SRX26771412
ENSG00000134825,124.18575,0.0,SRX26771412
ENSG00000131469,124.032814,0.0,SRX26771412
ENSG00000198918,124.02674,0.0,SRX26771412
ENSG00000197958,123.86262,0.0,SRX26771412
ENSG00000137309,123.71579,0.0,SRX26771412
ENSG00000233927,123.025406,0.0,SRX26771412
ENSG00000136942,122.965225,0.0,SRX26771412
ENSG00000163682,122.34506,0.0,SRX26771412
ENSG00000203907,122.29588,0.0,SRX26771412
ENSG00000173915,122.225136,0.0,SRX26771412
ENSG00000124172,121.80029,0.0,SRX26771412
ENSG00000140988,121.15629,0.0,SRX26771412
ENSG00000122026,120.9921,0.0,SRX26771412
ENSG00000231500,120.95336,0.0,SRX26771412
ENSG00000083845,120.951126,0.0,SRX26771412
ENSG00000114315,120.85927,0.0,SRX26771412
ENSG00000138061,152.0491,0.0,SRX17150749
ENSG00000160211,145.45709,0.0,SRX17150749
ENSG00000057019,143.65083,0.0,SRX17150749
ENSG00000126247,143.4468,0.0,SRX17150749
ENSG00000141753,142.96576,0.0,SRX17150749
ENSG00000138119,142.23077,0.0,SRX17150749
ENSG00000120885,140.64528,0.0,SRX17150749
ENSG00000023839,139.37044,0.0,SRX17150749
ENSG00000090013,139.00159,0.0,SRX17150749
ENSG00000140859,138.33368,0.0,SRX17150749
ENSG00000167641,137.74594,0.0,SRX17150749
ENSG00000135480,135.92961,0.0,SRX17150749
ENSG00000183780,135.65195,0.0,SRX17150749
ENSG00000105738,135.5349,0.0,SRX17150749
ENSG00000227036,134.2473,0.0,SRX17150749
ENSG00000142227,134.13481,0.0,SRX17150749
ENSG00000105974,133.94516,0.0,SRX17150749
ENSG00000205426,133.7955,0.0,SRX17150749
ENSG00000187720,133.19356,0.0,SRX17150749
ENSG00000128626,133.15422,0.0,SRX17150749
ENSG00000164687,132.52625,0.0,SRX17150749
ENSG00000167642,132.37007,0.0,SRX17150749
ENSG00000116833,132.1466,0.0,SRX17150749
ENSG00000105202,131.95253,0.0,SRX17150749
ENSG00000085662,131.83534,0.0,SRX17150749
ENSG00000186395,131.54543,0.0,SRX17150749
ENSG00000242372,131.26768,0.0,SRX17150749
ENSG00000108561,131.248,0.0,SRX17150749
ENSG00000105185,130.92726,0.0,SRX17150749
ENSG00000101871,130.88957,0.0,SRX17150749
ENSG00000042753,130.68471,0.0,SRX17150749
ENSG00000142657,130.20319,0.0,SRX17150749
ENSG00000181019,128.87823,0.0,SRX17150749
ENSG00000136205,128.77338,0.0,SRX17150749
ENSG00000132507,128.53098,0.0,SRX17150749
ENSG00000239672,128.46002,0.0,SRX17150749
ENSG00000159199,128.39188,0.0,SRX17150749
ENSG00000268621,128.29341,0.0,SRX17150749
ENSG00000170485,127.77041,0.0,SRX17150749
ENSG00000169689,127.72554,0.0,SRX17150749
ENSG00000148344,127.54346,0.0,SRX17150749
ENSG00000161011,127.40644,0.0,SRX17150749
ENSG00000164120,126.71271,0.0,SRX17150749
ENSG00000135047,126.712364,0.0,SRX17150749
ENSG00000005884,126.62235,0.0,SRX17150749
ENSG00000103260,126.615,0.0,SRX17150749
ENSG00000137309,126.596085,0.0,SRX17150749
ENSG00000108602,126.1758,0.0,SRX17150749
ENSG00000269190,126.159836,0.0,SRX17150749
ENSG00000105677,125.950485,0.0,SRX17150749
ENSG00000187134,86.54027,0.0,SRX25289891
ENSG00000176153,83.94174,0.0,SRX25289891
ENSG00000149380,80.44715,0.0,SRX25289891
ENSG00000198732,79.15498,0.0,SRX25289891
ENSG00000224032,78.552055,0.0,SRX25289891
ENSG00000150782,78.12753,0.0,SRX25289891
ENSG00000162545,77.71285,0.0,SRX25289891
ENSG00000168955,77.548645,0.0,SRX25289891
ENSG00000275216,76.475296,0.0,SRX25289891
ENSG00000164330,75.674286,0.0,SRX25289891
ENSG00000196139,75.0717,0.0,SRX25289891
ENSG00000151632,74.673836,0.0,SRX25289891
ENSG00000198074,74.32756,0.0,SRX25289891
ENSG00000272398,74.11204,0.0,SRX25289891
ENSG00000204387,74.108376,0.0,SRX25289891
ENSG00000234741,71.69797,0.0,SRX25289891
ENSG00000203721,71.48482,0.0,SRX25289891
ENSG00000003436,70.95135,0.0,SRX25289891
ENSG00000172159,67.86219,0.0,SRX25289891
ENSG00000261889,67.830444,0.0,SRX25289891
ENSG00000111907,67.71204,0.0,SRX25289891
ENSG00000273143,65.38033,0.0,SRX25289891
ENSG00000168398,65.06006,0.0,SRX25289891
ENSG00000165389,64.85654,0.0,SRX25289891
ENSG00000104760,64.85508,0.0,SRX25289891
ENSG00000286533,64.23255,0.0,SRX25289891
ENSG00000067167,63.38622,0.0,SRX25289891
ENSG00000172572,62.745747,0.0,SRX25289891
ENSG00000129521,62.742542,0.0,SRX25289891
ENSG00000173221,62.642975,0.0,SRX25289891
ENSG00000258818,62.640717,0.0,SRX25289891
ENSG00000100814,62.408733,0.0,SRX25289891
ENSG00000183891,62.18085,0.0,SRX25289891
ENSG00000137720,61.9499,0.0,SRX25289891
ENSG00000118257,61.41432,0.0,SRX25289891
ENSG00000038427,60.214535,0.0,SRX25289891
ENSG00000233621,60.19181,0.0,SRX25289891
ENSG00000116016,60.155838,0.0,SRX25289891
ENSG00000111700,59.640568,0.0,SRX25289891
ENSG00000260971,59.516766,0.0,SRX25289891
ENSG00000165434,59.286854,0.0,SRX25289891
ENSG00000137819,59.248085,0.0,SRX25289891
ENSG00000222005,59.162617,0.0,SRX25289891
ENSG00000153234,59.158318,0.0,SRX25289891
ENSG00000129007,59.146458,0.0,SRX25289891
ENSG00000188897,59.087605,0.0,SRX25289891
ENSG00000049323,58.94327,0.0,SRX25289891
ENSG00000143819,58.86403,0.0,SRX25289891
ENSG00000227906,58.532055,0.0,SRX25289891
ENSG00000234997,58.198067,0.0,SRX25289891
ENSG00000155307,164.00352,0.0,SRX21897869
ENSG00000118503,163.6695,0.0,SRX21897869
ENSG00000271503,162.95146,0.0,SRX21897869
ENSG00000081237,161.3734,0.0,SRX21897869
ENSG00000172673,160.65398,0.0,SRX21897869
ENSG00000152495,160.0387,0.0,SRX21897869
ENSG00000134242,159.62866,0.0,SRX21897869
ENSG00000135842,159.49417,0.0,SRX21897869
ENSG00000081320,159.13634,0.0,SRX21897869
ENSG00000153283,158.79498,0.0,SRX21897869
ENSG00000168421,158.50238,0.0,SRX21897869
ENSG00000134954,158.22806,0.0,SRX21897869
ENSG00000075884,157.78114,0.0,SRX21897869
ENSG00000113263,157.7681,0.0,SRX21897869
ENSG00000136167,157.68718,0.0,SRX21897869
ENSG00000127152,157.66348,0.0,SRX21897869
ENSG00000115232,157.45415,0.0,SRX21897869
ENSG00000111348,157.35904,0.0,SRX21897869
ENSG00000059804,157.1675,0.0,SRX21897869
ENSG00000110848,156.6122,0.0,SRX21897869
ENSG00000185811,156.48555,0.0,SRX21897869
ENSG00000115165,156.18034,0.0,SRX21897869
ENSG00000155849,154.3583,0.0,SRX21897869
ENSG00000102760,153.59702,0.0,SRX21897869
ENSG00000152518,153.4657,0.0,SRX21897869
ENSG00000198821,152.47598,0.0,SRX21897869
ENSG00000169442,151.3883,0.0,SRX21897869
ENSG00000048740,150.58478,0.0,SRX21897869
ENSG00000107099,149.01299,0.0,SRX21897869
ENSG00000069493,148.3386,0.0,SRX21897869
ENSG00000159216,147.66989,0.0,SRX21897869
ENSG00000177606,147.5353,0.0,SRX21897869
ENSG00000027075,147.49951,0.0,SRX21897869
ENSG00000121966,147.34956,0.0,SRX21897869
ENSG00000067082,147.15848,0.0,SRX21897869
ENSG00000183508,146.88672,0.0,SRX21897869
ENSG00000234745,146.52472,0.0,SRX21897869
ENSG00000116824,145.87468,0.0,SRX21897869
ENSG00000164674,145.11562,0.0,SRX21897869
ENSG00000065413,144.7287,0.0,SRX21897869
ENSG00000151883,144.20714,0.0,SRX21897869
ENSG00000108669,143.31961,0.0,SRX21897869
ENSG00000122862,143.00227,0.0,SRX21897869
ENSG00000134516,142.89069,0.0,SRX21897869
ENSG00000168214,142.09947,0.0,SRX21897869
ENSG00000169554,141.85222,0.0,SRX21897869
ENSG00000102879,141.82452,0.0,SRX21897869
ENSG00000231079,141.80173,0.0,SRX21897869
ENSG00000163297,141.69075,0.0,SRX21897869
ENSG00000076641,141.56842,0.0,SRX21897869
ENSG00000142089,46.825768,0.0,SRX19215444
ENSG00000171345,45.795837,0.0,SRX19215444
ENSG00000197943,41.89743,0.0,SRX19215444
ENSG00000084234,40.555084,0.0,SRX19215444
ENSG00000109861,39.991146,0.0,SRX19215444
ENSG00000213853,39.917347,0.0,SRX19215444
ENSG00000124107,39.89969,0.0,SRX19215444
ENSG00000125968,39.544945,0.0,SRX19215444
ENSG00000088205,39.014267,0.0,SRX19215444
ENSG00000085063,38.8328,0.0,SRX19215444
ENSG00000129116,37.748314,0.0,SRX19215444
ENSG00000196878,37.578625,9.52872143947638e-306,SRX19215444
ENSG00000106541,36.505352,1.618698336291768e-288,SRX19215444
ENSG00000044574,36.206158,8.211653426289608e-284,SRX19215444
ENSG00000128595,36.146114,6.875608285493033e-283,SRX19215444
ENSG00000131981,36.05488,1.7728039975892137e-281,SRX19215444
ENSG00000169908,36.02238,5.474628725439527e-281,SRX19215444
ENSG00000168615,35.55209,1.0837163189588638e-273,SRX19215444
ENSG00000150753,35.530277,2.2603093981032524e-273,SRX19215444
ENSG00000074695,35.480103,1.292512771445167e-272,SRX19215444
ENSG00000138385,35.317364,3.970937896963564e-270,SRX19215444
ENSG00000173852,35.246628,4.653689027049902e-269,SRX19215444
ENSG00000277443,35.14828,1.4358982520114186e-267,SRX19215444
ENSG00000158417,34.854355,3.97894323939895e-263,SRX19215444
ENSG00000125844,34.77729,5.6510424686692e-262,SRX19215444
ENSG00000106546,34.72381,3.520637187377438e-261,SRX19215444
ENSG00000120708,34.521626,3.7695027033692315e-258,SRX19215444
ENSG00000150687,34.357693,1.0416122585978573e-255,SRX19215444
ENSG00000008952,34.00577,1.6683073628647974e-250,SRX19215444
ENSG00000226383,33.8939,7.270476951158856e-249,SRX19215444
ENSG00000110492,33.834,5.395476521229899e-248,SRX19215444
ENSG00000179218,33.743515,1.1219253163738331e-246,SRX19215444
ENSG00000114867,33.727383,1.8871487161488347e-246,SRX19215444
ENSG00000082153,33.719402,2.411876613209571e-246,SRX19215444
ENSG00000115524,33.64583,2.813819626541045e-245,SRX19215444
ENSG00000170955,33.412712,6.868501534262408e-242,SRX19215444
ENSG00000196950,33.378433,2.1120835410783885e-241,SRX19215444
ENSG00000167004,33.363495,3.402946927054404e-241,SRX19215444
ENSG00000196754,33.342514,6.710174436269511e-241,SRX19215444
ENSG00000128050,33.223667,3.4434130154716298e-239,SRX19215444
ENSG00000127022,33.15428,3.381331017447322e-238,SRX19215444
ENSG00000154380,33.077156,4.271056649213066e-237,SRX19215444
ENSG00000132329,32.990406,7.372642184813157e-236,SRX19215444
ENSG00000255248,32.954624,2.3552827468825695e-235,SRX19215444
ENSG00000128641,32.87663,3.0181187852561026e-234,SRX19215444
ENSG00000075391,32.77154,9.355791141653755e-233,SRX19215444
ENSG00000160789,32.70679,7.666494683177512e-232,SRX19215444
ENSG00000115380,32.703396,8.415258847995565e-232,SRX19215444
ENSG00000074842,32.633526,8.120732944420716e-231,SRX19215444
ENSG00000137710,32.517452,3.513116284234475e-229,SRX19215444
ENSG00000230876,99.80337,0.0,SRX22159982
ENSG00000177954,94.53069,0.0,SRX22159982
ENSG00000134138,90.58095,0.0,SRX22159982
ENSG00000145592,90.49988,0.0,SRX22159982
ENSG00000143933,89.505455,0.0,SRX22159982
ENSG00000167526,89.2285,0.0,SRX22159982
ENSG00000120251,88.270424,0.0,SRX22159982
ENSG00000183036,87.97974,0.0,SRX22159982
ENSG00000105372,86.833,0.0,SRX22159982
ENSG00000105640,85.49434,0.0,SRX22159982
ENSG00000164587,85.41373,0.0,SRX22159982
ENSG00000197756,85.178055,0.0,SRX22159982
ENSG00000186468,84.71318,0.0,SRX22159982
ENSG00000142937,84.64461,0.0,SRX22159982
ENSG00000143153,83.24508,0.0,SRX22159982
ENSG00000164181,83.159904,0.0,SRX22159982
ENSG00000182899,82.94855,0.0,SRX22159982
ENSG00000221983,82.119705,0.0,SRX22159982
ENSG00000048740,82.09456,0.0,SRX22159982
ENSG00000149806,81.95609,0.0,SRX22159982
ENSG00000118181,80.74616,0.0,SRX22159982
ENSG00000136942,80.15416,0.0,SRX22159982
ENSG00000220205,79.44793,0.0,SRX22159982
ENSG00000205542,77.889786,0.0,SRX22159982
ENSG00000137818,77.41135,0.0,SRX22159982
ENSG00000173812,76.819275,0.0,SRX22159982
ENSG00000021645,76.19915,0.0,SRX22159982
ENSG00000081189,75.73768,0.0,SRX22159982
ENSG00000132639,75.15977,0.0,SRX22159982
ENSG00000167996,73.991844,0.0,SRX22159982
ENSG00000265681,73.879845,0.0,SRX22159982
ENSG00000128683,73.7519,0.0,SRX22159982
ENSG00000156508,73.62854,0.0,SRX22159982
ENSG00000184831,71.37862,0.0,SRX22159982
ENSG00000213988,70.952225,0.0,SRX22159982
ENSG00000087250,70.56099,0.0,SRX22159982
ENSG00000142676,68.73109,0.0,SRX22159982
ENSG00000147162,68.66564,0.0,SRX22159982
ENSG00000100316,68.40183,0.0,SRX22159982
ENSG00000162545,67.1022,0.0,SRX22159982
ENSG00000109475,66.3596,0.0,SRX22159982
ENSG00000176340,65.468864,0.0,SRX22159982
ENSG00000125691,65.41116,0.0,SRX22159982
ENSG00000108298,65.394,0.0,SRX22159982
ENSG00000143947,65.1286,0.0,SRX22159982
ENSG00000150625,63.93452,0.0,SRX22159982
ENSG00000115268,63.80463,0.0,SRX22159982
ENSG00000114391,63.393826,0.0,SRX22159982
ENSG00000205364,63.258522,0.0,SRX22159982
ENSG00000169554,63.032906,0.0,SRX22159982
ENSG00000136205,159.08983,0.0,SRX17150750
ENSG00000057019,154.74075,0.0,SRX17150750
ENSG00000183780,154.62746,0.0,SRX17150750
ENSG00000120885,154.24942,0.0,SRX17150750
ENSG00000160211,153.88857,0.0,SRX17150750
ENSG00000138119,151.87387,0.0,SRX17150750
ENSG00000108602,151.10341,0.0,SRX17150750
ENSG00000187720,150.62827,0.0,SRX17150750
ENSG00000140859,150.27148,0.0,SRX17150750
ENSG00000108846,148.65404,0.0,SRX17150750
ENSG00000023839,147.83441,0.0,SRX17150750
ENSG00000116833,147.24396,0.0,SRX17150750
ENSG00000101871,146.90526,0.0,SRX17150750
ENSG00000135480,146.261,0.0,SRX17150750
ENSG00000268621,146.22931,0.0,SRX17150750
ENSG00000141753,145.3437,0.0,SRX17150750
ENSG00000126247,145.05983,0.0,SRX17150750
ENSG00000122870,144.33594,0.0,SRX17150750
ENSG00000205426,144.26079,0.0,SRX17150750
ENSG00000105738,144.20747,0.0,SRX17150750
ENSG00000090013,143.24022,0.0,SRX17150750
ENSG00000085662,138.90425,0.0,SRX17150750
ENSG00000249859,137.60352,0.0,SRX17150750
ENSG00000087088,137.45439,0.0,SRX17150750
ENSG00000171889,137.44885,0.0,SRX17150750
ENSG00000166949,136.88931,0.0,SRX17150750
ENSG00000142227,135.84286,0.0,SRX17150750
ENSG00000115919,135.37236,0.0,SRX17150750
ENSG00000161011,134.7916,0.0,SRX17150750
ENSG00000185088,133.79945,0.0,SRX17150750
ENSG00000005884,133.71341,0.0,SRX17150750
ENSG00000269190,133.65128,0.0,SRX17150750
ENSG00000164120,133.00061,0.0,SRX17150750
ENSG00000181019,132.97296,0.0,SRX17150750
ENSG00000213145,132.18999,0.0,SRX17150750
ENSG00000167642,131.77776,0.0,SRX17150750
ENSG00000117318,131.7163,0.0,SRX17150750
ENSG00000067225,130.99232,0.0,SRX17150750
ENSG00000108561,130.96248,0.0,SRX17150750
ENSG00000105974,130.20554,0.0,SRX17150750
ENSG00000053747,130.09244,0.0,SRX17150750
ENSG00000239672,129.82216,0.0,SRX17150750
ENSG00000105202,129.72162,0.0,SRX17150750
ENSG00000198431,129.26865,0.0,SRX17150750
ENSG00000142657,128.67014,0.0,SRX17150750
ENSG00000008394,128.59637,0.0,SRX17150750
ENSG00000167644,128.57487,0.0,SRX17150750
ENSG00000182718,128.02652,0.0,SRX17150750
ENSG00000157483,127.74626,0.0,SRX17150750
ENSG00000130402,127.70924,0.0,SRX17150750
ENSG00000187134,98.575066,0.0,SRX25289892
ENSG00000176153,95.32439,0.0,SRX25289892
ENSG00000150782,89.452866,0.0,SRX25289892
ENSG00000224032,88.49381,0.0,SRX25289892
ENSG00000162545,88.15812,0.0,SRX25289892
ENSG00000149380,87.97488,0.0,SRX25289892
ENSG00000196139,87.29501,0.0,SRX25289892
ENSG00000198732,86.5276,0.0,SRX25289892
ENSG00000198074,86.25312,0.0,SRX25289892
ENSG00000151632,85.72509,0.0,SRX25289892
ENSG00000168955,85.09141,0.0,SRX25289892
ENSG00000272398,84.51932,0.0,SRX25289892
ENSG00000275216,83.76431,0.0,SRX25289892
ENSG00000204387,83.32993,0.0,SRX25289892
ENSG00000164330,82.983116,0.0,SRX25289892
ENSG00000234741,82.16323,0.0,SRX25289892
ENSG00000003436,80.392136,0.0,SRX25289892
ENSG00000203721,77.56445,0.0,SRX25289892
ENSG00000111907,76.90988,0.0,SRX25289892
ENSG00000172159,75.16914,0.0,SRX25289892
ENSG00000165389,73.75318,0.0,SRX25289892
ENSG00000067167,73.530235,0.0,SRX25289892
ENSG00000261889,72.878006,0.0,SRX25289892
ENSG00000104760,72.14341,0.0,SRX25289892
ENSG00000173221,71.62935,0.0,SRX25289892
ENSG00000100814,71.55183,0.0,SRX25289892
ENSG00000258818,71.245804,0.0,SRX25289892
ENSG00000137720,70.275215,0.0,SRX25289892
ENSG00000143819,70.17206,0.0,SRX25289892
ENSG00000118257,69.888016,0.0,SRX25289892
ENSG00000168398,69.69747,0.0,SRX25289892
ENSG00000172572,68.97081,0.0,SRX25289892
ENSG00000273143,68.64682,0.0,SRX25289892
ENSG00000166347,68.02444,0.0,SRX25289892
ENSG00000166741,67.8872,0.0,SRX25289892
ENSG00000137819,67.48633,0.0,SRX25289892
ENSG00000286533,67.174774,0.0,SRX25289892
ENSG00000177311,66.85461,0.0,SRX25289892
ENSG00000165434,66.11177,0.0,SRX25289892
ENSG00000112541,66.04833,0.0,SRX25289892
ENSG00000038427,65.95883,0.0,SRX25289892
ENSG00000183891,65.876686,0.0,SRX25289892
ENSG00000129521,65.48219,0.0,SRX25289892
ENSG00000116016,65.366455,0.0,SRX25289892
ENSG00000184831,65.329285,0.0,SRX25289892
ENSG00000129007,65.22731,0.0,SRX25289892
ENSG00000234997,65.02883,0.0,SRX25289892
ENSG00000269893,64.95743,0.0,SRX25289892
ENSG00000163683,64.811935,0.0,SRX25289892
ENSG00000105373,64.46822,0.0,SRX25289892
ENSG00000172572,72.87935,0.0,SRX25289886
ENSG00000187134,72.83365,0.0,SRX25289886
ENSG00000176153,68.444725,0.0,SRX25289886
ENSG00000139266,67.75832,0.0,SRX25289886
ENSG00000146166,66.91647,0.0,SRX25289886
ENSG00000141542,65.796974,0.0,SRX25289886
ENSG00000198732,64.83017,0.0,SRX25289886
ENSG00000113916,64.14916,0.0,SRX25289886
ENSG00000038427,63.64672,0.0,SRX25289886
ENSG00000133636,62.677814,0.0,SRX25289886
ENSG00000151632,61.686363,0.0,SRX25289886
ENSG00000173621,61.626698,0.0,SRX25289886
ENSG00000173801,61.402023,0.0,SRX25289886
ENSG00000121039,61.275867,0.0,SRX25289886
ENSG00000221869,61.187996,0.0,SRX25289886
ENSG00000146674,60.9191,0.0,SRX25289886
ENSG00000275216,60.912518,0.0,SRX25289886
ENSG00000162545,60.27697,0.0,SRX25289886
ENSG00000117983,60.227608,0.0,SRX25289886
ENSG00000104760,59.66542,0.0,SRX25289886
ENSG00000135750,59.566994,0.0,SRX25289886
ENSG00000196139,59.483086,0.0,SRX25289886
ENSG00000205754,59.36112,0.0,SRX25289886
ENSG00000138166,59.34251,0.0,SRX25289886
ENSG00000111907,59.134964,0.0,SRX25289886
ENSG00000153714,58.947853,0.0,SRX25289886
ENSG00000253944,58.846912,0.0,SRX25289886
ENSG00000143819,58.558407,0.0,SRX25289886
ENSG00000272398,58.449272,0.0,SRX25289886
ENSG00000003436,58.027966,0.0,SRX25289886
ENSG00000198074,57.76464,0.0,SRX25289886
ENSG00000124107,57.61307,0.0,SRX25289886
ENSG00000260971,57.602306,0.0,SRX25289886
ENSG00000197140,57.425343,0.0,SRX25289886
ENSG00000203721,57.223232,0.0,SRX25289886
ENSG00000185950,57.189163,0.0,SRX25289886
ENSG00000115414,57.028152,0.0,SRX25289886
ENSG00000112837,56.9636,0.0,SRX25289886
ENSG00000111275,56.719475,0.0,SRX25289886
ENSG00000163735,56.548576,0.0,SRX25289886
ENSG00000281903,56.410446,0.0,SRX25289886
ENSG00000187244,56.315372,0.0,SRX25289886
ENSG00000215182,56.16365,0.0,SRX25289886
ENSG00000197063,55.67633,0.0,SRX25289886
ENSG00000176058,55.390244,0.0,SRX25289886
ENSG00000197766,55.179745,0.0,SRX25289886
ENSG00000214530,55.016342,0.0,SRX25289886
ENSG00000147642,54.853443,0.0,SRX25289886
ENSG00000106541,54.746223,0.0,SRX25289886
ENSG00000145920,54.62618,0.0,SRX25289886
ENSG00000172572,71.475044,0.0,SRX25289887
ENSG00000146166,70.18159,0.0,SRX25289887
ENSG00000038427,70.00888,0.0,SRX25289887
ENSG00000198732,68.90401,0.0,SRX25289887
ENSG00000121039,67.400475,0.0,SRX25289887
ENSG00000253944,65.66406,0.0,SRX25289887
ENSG00000176907,65.0572,0.0,SRX25289887
ENSG00000187134,64.266464,0.0,SRX25289887
ENSG00000173801,63.17713,0.0,SRX25289887
ENSG00000115414,62.743317,0.0,SRX25289887
ENSG00000112837,62.357006,0.0,SRX25289887
ENSG00000142303,62.335148,0.0,SRX25289887
ENSG00000003436,61.246426,0.0,SRX25289887
ENSG00000104760,60.341564,0.0,SRX25289887
ENSG00000019505,60.032856,0.0,SRX25289887
ENSG00000176153,59.998535,0.0,SRX25289887
ENSG00000129595,59.901466,0.0,SRX25289887
ENSG00000258818,59.42748,0.0,SRX25289887
ENSG00000183891,59.264107,0.0,SRX25289887
ENSG00000159403,58.76155,0.0,SRX25289887
ENSG00000214530,58.70505,0.0,SRX25289887
ENSG00000179862,58.295036,0.0,SRX25289887
ENSG00000131746,58.2506,0.0,SRX25289887
ENSG00000168398,57.923534,0.0,SRX25289887
ENSG00000146674,57.45626,0.0,SRX25289887
ENSG00000129007,57.350246,0.0,SRX25289887
ENSG00000166033,57.264835,0.0,SRX25289887
ENSG00000182836,56.805935,0.0,SRX25289887
ENSG00000003989,56.77596,0.0,SRX25289887
ENSG00000089127,56.674736,0.0,SRX25289887
ENSG00000143878,56.59701,0.0,SRX25289887
ENSG00000203721,55.89421,0.0,SRX25289887
ENSG00000173599,55.781162,0.0,SRX25289887
ENSG00000095383,55.760487,0.0,SRX25289887
ENSG00000257354,55.70749,0.0,SRX25289887
ENSG00000111907,55.39104,0.0,SRX25289887
ENSG00000149380,55.318718,0.0,SRX25289887
ENSG00000276256,55.308453,0.0,SRX25289887
ENSG00000063127,55.28761,0.0,SRX25289887
ENSG00000198517,55.15143,0.0,SRX25289887
ENSG00000187634,54.956074,0.0,SRX25289887
ENSG00000081052,54.770565,0.0,SRX25289887
ENSG00000188906,54.573196,0.0,SRX25289887
ENSG00000102287,54.56352,0.0,SRX25289887
ENSG00000107960,54.441498,0.0,SRX25289887
ENSG00000152904,54.34525,0.0,SRX25289887
ENSG00000182326,54.3407,0.0,SRX25289887
ENSG00000118785,54.266434,0.0,SRX25289887
ENSG00000185950,54.082188,0.0,SRX25289887
ENSG00000275410,54.033337,0.0,SRX25289887
ENSG00000176406,306.92136,0.0,SRX24227811
ENSG00000204442,305.8743,0.0,SRX24227811
ENSG00000154162,301.5534,0.0,SRX24227811
ENSG00000152208,300.8003,0.0,SRX24227811
ENSG00000186094,300.33374,0.0,SRX24227811
ENSG00000224078,300.03128,0.0,SRX24227811
ENSG00000185565,297.64856,0.0,SRX24227811
ENSG00000179915,297.31607,0.0,SRX24227811
ENSG00000169760,295.41916,0.0,SRX24227811
ENSG00000157168,293.3165,0.0,SRX24227811
ENSG00000230590,289.7539,0.0,SRX24227811
ENSG00000175161,287.20218,0.0,SRX24227811
ENSG00000156687,286.27576,0.0,SRX24227811
ENSG00000113448,286.0547,0.0,SRX24227811
ENSG00000090905,284.06268,0.0,SRX24227811
ENSG00000150672,281.46915,0.0,SRX24227811
ENSG00000176204,280.42053,0.0,SRX24227811
ENSG00000169855,279.36047,0.0,SRX24227811
ENSG00000132932,276.57733,0.0,SRX24227811
ENSG00000198727,272.20135,0.0,SRX24227811
ENSG00000198712,271.61176,0.0,SRX24227811
ENSG00000198886,271.21112,0.0,SRX24227811
ENSG00000198938,270.48486,0.0,SRX24227811
ENSG00000198804,269.73422,0.0,SRX24227811
ENSG00000165995,268.8051,0.0,SRX24227811
ENSG00000185736,266.74237,0.0,SRX24227811
ENSG00000149294,266.73505,0.0,SRX24227811
ENSG00000251562,265.82242,0.0,SRX24227811
ENSG00000181722,263.71286,0.0,SRX24227811
ENSG00000187391,263.02942,0.0,SRX24227811
ENSG00000133958,260.11404,0.0,SRX24227811
ENSG00000155093,257.83975,0.0,SRX24227811
ENSG00000145087,257.79727,0.0,SRX24227811
ENSG00000170579,257.58823,0.0,SRX24227811
ENSG00000187672,256.69577,0.0,SRX24227811
ENSG00000198899,255.98926,0.0,SRX24227811
ENSG00000158321,252.10736,0.0,SRX24227811
ENSG00000153956,252.07327,0.0,SRX24227811
ENSG00000109339,252.04832,0.0,SRX24227811
ENSG00000107518,249.97481,0.0,SRX24227811
ENSG00000137766,249.33813,0.0,SRX24227811
ENSG00000155974,248.0776,0.0,SRX24227811
ENSG00000198840,247.34882,0.0,SRX24227811
ENSG00000177570,247.13866,0.0,SRX24227811
ENSG00000198888,247.00398,0.0,SRX24227811
ENSG00000077264,246.39706,0.0,SRX24227811
ENSG00000169946,244.82123,0.0,SRX24227811
ENSG00000069667,242.38402,0.0,SRX24227811
ENSG00000150471,240.50116,0.0,SRX24227811
ENSG00000170396,239.32404,0.0,SRX24227811
ENSG00000118503,142.11594,0.0,SRX21897872
ENSG00000271503,141.65166,0.0,SRX21897872
ENSG00000075884,140.2507,0.0,SRX21897872
ENSG00000155307,139.93892,0.0,SRX21897872
ENSG00000081237,139.5538,0.0,SRX21897872
ENSG00000111348,139.34793,0.0,SRX21897872
ENSG00000110848,139.21632,0.0,SRX21897872
ENSG00000152495,139.18472,0.0,SRX21897872
ENSG00000172673,139.1831,0.0,SRX21897872
ENSG00000102760,139.03784,0.0,SRX21897872
ENSG00000127152,138.68312,0.0,SRX21897872
ENSG00000134954,138.61307,0.0,SRX21897872
ENSG00000081320,138.30962,0.0,SRX21897872
ENSG00000185811,138.1845,0.0,SRX21897872
ENSG00000168421,137.99811,0.0,SRX21897872
ENSG00000115232,137.93394,0.0,SRX21897872
ENSG00000135842,137.65025,0.0,SRX21897872
ENSG00000115165,137.6392,0.0,SRX21897872
ENSG00000198821,137.5127,0.0,SRX21897872
ENSG00000113263,136.94518,0.0,SRX21897872
ENSG00000134242,136.93433,0.0,SRX21897872
ENSG00000153283,136.67508,0.0,SRX21897872
ENSG00000136167,136.4541,0.0,SRX21897872
ENSG00000169442,136.45203,0.0,SRX21897872
ENSG00000152518,136.03847,0.0,SRX21897872
ENSG00000155849,134.91965,0.0,SRX21897872
ENSG00000059804,133.74681,0.0,SRX21897872
ENSG00000069493,133.1062,0.0,SRX21897872
ENSG00000157514,132.3519,0.0,SRX21897872
ENSG00000183508,132.16757,0.0,SRX21897872
ENSG00000116824,132.00726,0.0,SRX21897872
ENSG00000102879,131.15282,0.0,SRX21897872
ENSG00000107099,130.39256,0.0,SRX21897872
ENSG00000234745,130.33089,0.0,SRX21897872
ENSG00000130592,129.69444,0.0,SRX21897872
ENSG00000048740,129.5447,0.0,SRX21897872
ENSG00000065413,129.31894,0.0,SRX21897872
ENSG00000027075,129.24098,0.0,SRX21897872
ENSG00000168918,129.10681,0.0,SRX21897872
ENSG00000076641,128.09302,0.0,SRX21897872
ENSG00000177606,127.72392,0.0,SRX21897872
ENSG00000164674,127.60185,0.0,SRX21897872
ENSG00000198851,127.33303,0.0,SRX21897872
ENSG00000134516,127.22969,0.0,SRX21897872
ENSG00000182162,126.98202,0.0,SRX21897872
ENSG00000121966,126.85384,0.0,SRX21897872
ENSG00000231079,126.79582,0.0,SRX21897872
ENSG00000167286,126.694885,0.0,SRX21897872
ENSG00000138378,126.40787,0.0,SRX21897872
ENSG00000163297,126.088875,0.0,SRX21897872
ENSG00000255823,95.46791,0.0,SRX17941757
ENSG00000171345,77.88257,0.0,SRX17941757
ENSG00000138772,75.67817,0.0,SRX17941757
ENSG00000163545,75.632355,0.0,SRX17941757
ENSG00000176907,75.36376,0.0,SRX17941757
ENSG00000105427,73.60853,0.0,SRX17941757
ENSG00000147592,72.963684,0.0,SRX17941757
ENSG00000071282,72.320206,0.0,SRX17941757
ENSG00000180340,71.86082,0.0,SRX17941757
ENSG00000231079,71.33119,0.0,SRX17941757
ENSG00000176697,70.21134,0.0,SRX17941757
ENSG00000167700,70.13869,0.0,SRX17941757
ENSG00000123358,69.91985,0.0,SRX17941757
ENSG00000013588,69.87536,0.0,SRX17941757
ENSG00000118523,69.798904,0.0,SRX17941757
ENSG00000126458,69.774,0.0,SRX17941757
ENSG00000125740,69.36222,0.0,SRX17941757
ENSG00000121900,69.15499,0.0,SRX17941757
ENSG00000120913,69.016754,0.0,SRX17941757
ENSG00000106366,68.28876,0.0,SRX17941757
ENSG00000130005,67.67182,0.0,SRX17941757
ENSG00000145632,67.58423,0.0,SRX17941757
ENSG00000249867,67.533554,0.0,SRX17941757
ENSG00000148450,67.08511,0.0,SRX17941757
ENSG00000223784,67.08399,0.0,SRX17941757
ENSG00000120738,66.80842,0.0,SRX17941757
ENSG00000115129,66.136856,0.0,SRX17941757
ENSG00000073350,66.08993,0.0,SRX17941757
ENSG00000129354,65.41706,0.0,SRX17941757
ENSG00000163453,65.18032,0.0,SRX17941757
ENSG00000179242,65.14933,0.0,SRX17941757
ENSG00000107984,64.85904,0.0,SRX17941757
ENSG00000111859,64.824196,0.0,SRX17941757
ENSG00000182600,64.82228,0.0,SRX17941757
ENSG00000161513,64.49697,0.0,SRX17941757
ENSG00000140682,64.486275,0.0,SRX17941757
ENSG00000269028,64.29514,0.0,SRX17941757
ENSG00000256802,64.263145,0.0,SRX17941757
ENSG00000169083,64.04804,0.0,SRX17941757
ENSG00000108479,63.96452,0.0,SRX17941757
ENSG00000078401,63.945007,0.0,SRX17941757
ENSG00000103811,63.864704,0.0,SRX17941757
ENSG00000126803,63.767822,0.0,SRX17941757
ENSG00000132470,63.232006,0.0,SRX17941757
ENSG00000104518,63.12915,0.0,SRX17941757
ENSG00000187185,62.822224,0.0,SRX17941757
ENSG00000105472,62.818855,0.0,SRX17941757
ENSG00000136425,62.656197,0.0,SRX17941757
ENSG00000107796,62.550507,0.0,SRX17941757
ENSG00000006534,62.409714,0.0,SRX17941757
ENSG00000214803,69.43159,0.0,SRX25289881
ENSG00000172572,66.622055,0.0,SRX25289881
ENSG00000281903,66.59821,0.0,SRX25289881
ENSG00000146674,65.57528,0.0,SRX25289881
ENSG00000117983,63.807472,0.0,SRX25289881
ENSG00000145920,63.189533,0.0,SRX25289881
ENSG00000120211,62.57057,0.0,SRX25289881
ENSG00000205754,60.56057,0.0,SRX25289881
ENSG00000187244,60.155407,0.0,SRX25289881
ENSG00000099822,59.965534,0.0,SRX25289881
ENSG00000038427,59.256783,0.0,SRX25289881
ENSG00000215182,59.01833,0.0,SRX25289881
ENSG00000164136,59.01285,0.0,SRX25289881
ENSG00000106541,58.271244,0.0,SRX25289881
ENSG00000205336,58.225433,0.0,SRX25289881
ENSG00000197140,58.18414,0.0,SRX25289881
ENSG00000169242,57.691376,0.0,SRX25289881
ENSG00000112837,57.173668,0.0,SRX25289881
ENSG00000125398,57.109455,0.0,SRX25289881
ENSG00000198959,57.05572,0.0,SRX25289881
ENSG00000198732,56.936935,0.0,SRX25289881
ENSG00000092621,56.741627,0.0,SRX25289881
ENSG00000254166,56.71378,0.0,SRX25289881
ENSG00000153714,56.635124,0.0,SRX25289881
ENSG00000247081,56.624996,0.0,SRX25289881
ENSG00000176153,56.43966,0.0,SRX25289881
ENSG00000124107,56.023487,0.0,SRX25289881
ENSG00000133636,55.86843,0.0,SRX25289881
ENSG00000113916,55.785316,0.0,SRX25289881
ENSG00000183010,55.412197,0.0,SRX25289881
ENSG00000176697,55.41103,0.0,SRX25289881
ENSG00000197766,55.403435,0.0,SRX25289881
ENSG00000275216,55.343914,0.0,SRX25289881
ENSG00000104760,55.290695,0.0,SRX25289881
ENSG00000198517,53.669903,0.0,SRX25289881
ENSG00000188157,53.59346,0.0,SRX25289881
ENSG00000111700,53.567806,0.0,SRX25289881
ENSG00000153885,53.322014,0.0,SRX25289881
ENSG00000109072,53.08415,0.0,SRX25289881
ENSG00000110057,53.07597,0.0,SRX25289881
ENSG00000141738,52.985283,0.0,SRX25289881
ENSG00000173599,52.731403,0.0,SRX25289881
ENSG00000221869,52.605797,0.0,SRX25289881
ENSG00000233493,52.58223,0.0,SRX25289881
ENSG00000142303,52.534336,0.0,SRX25289881
ENSG00000147642,51.32789,0.0,SRX25289881
ENSG00000174705,51.279663,0.0,SRX25289881
ENSG00000136997,51.24668,0.0,SRX25289881
ENSG00000260971,51.1813,0.0,SRX25289881
ENSG00000095739,51.17316,0.0,SRX25289881
ENSG00000187134,69.24855,0.0,SRX25289879
ENSG00000089127,68.84247,0.0,SRX25289879
ENSG00000121039,66.24362,0.0,SRX25289879
ENSG00000172572,66.1973,0.0,SRX25289879
ENSG00000176153,65.79446,0.0,SRX25289879
ENSG00000176907,63.58965,0.0,SRX25289879
ENSG00000198732,63.550453,0.0,SRX25289879
ENSG00000173801,63.02651,0.0,SRX25289879
ENSG00000187634,62.974293,0.0,SRX25289879
ENSG00000146166,62.335354,0.0,SRX25289879
ENSG00000214530,62.159954,0.0,SRX25289879
ENSG00000112837,60.453766,0.0,SRX25289879
ENSG00000038427,60.024574,0.0,SRX25289879
ENSG00000129007,59.70375,0.0,SRX25289879
ENSG00000101255,59.572323,0.0,SRX25289879
ENSG00000253944,59.339745,0.0,SRX25289879
ENSG00000162545,58.909256,0.0,SRX25289879
ENSG00000141542,58.87927,0.0,SRX25289879
ENSG00000003436,58.84519,0.0,SRX25289879
ENSG00000104760,58.61221,0.0,SRX25289879
ENSG00000275216,58.513256,0.0,SRX25289879
ENSG00000160179,58.400608,0.0,SRX25289879
ENSG00000124107,58.010067,0.0,SRX25289879
ENSG00000135750,57.3845,0.0,SRX25289879
ENSG00000151632,57.196415,0.0,SRX25289879
ENSG00000213928,56.549778,0.0,SRX25289879
ENSG00000173621,56.48853,0.0,SRX25289879
ENSG00000095739,56.38719,0.0,SRX25289879
ENSG00000162032,56.315193,0.0,SRX25289879
ENSG00000111907,56.000603,0.0,SRX25289879
ENSG00000196139,55.928528,0.0,SRX25289879
ENSG00000116711,55.625973,0.0,SRX25289879
ENSG00000163735,55.530724,0.0,SRX25289879
ENSG00000131746,55.52077,0.0,SRX25289879
ENSG00000117983,55.440422,0.0,SRX25289879
ENSG00000215182,55.414948,0.0,SRX25289879
ENSG00000078401,55.070282,0.0,SRX25289879
ENSG00000198074,54.875546,0.0,SRX25289879
ENSG00000179862,54.73966,0.0,SRX25289879
ENSG00000139266,54.73486,0.0,SRX25289879
ENSG00000128311,54.660885,0.0,SRX25289879
ENSG00000158828,54.53655,0.0,SRX25289879
ENSG00000175832,54.502914,0.0,SRX25289879
ENSG00000019186,54.41896,0.0,SRX25289879
ENSG00000258818,54.37937,0.0,SRX25289879
ENSG00000197766,54.23152,0.0,SRX25289879
ENSG00000143819,54.061146,0.0,SRX25289879
ENSG00000107960,53.982185,0.0,SRX25289879
ENSG00000108176,53.95186,0.0,SRX25289879
ENSG00000114626,53.936974,0.0,SRX25289879
ENSG00000281903,68.952156,0.0,SRX25289885
ENSG00000106541,68.13607,0.0,SRX25289885
ENSG00000176153,68.1131,0.0,SRX25289885
ENSG00000146674,66.99987,0.0,SRX25289885
ENSG00000145920,66.37536,0.0,SRX25289885
ENSG00000172572,66.24287,0.0,SRX25289885
ENSG00000092621,65.89598,0.0,SRX25289885
ENSG00000111275,64.68297,0.0,SRX25289885
ENSG00000133636,64.18455,0.0,SRX25289885
ENSG00000120211,63.336605,0.0,SRX25289885
ENSG00000187134,63.3199,0.0,SRX25289885
ENSG00000104760,62.977383,0.0,SRX25289885
ENSG00000151632,62.207985,0.0,SRX25289885
ENSG00000233493,62.078255,0.0,SRX25289885
ENSG00000109072,61.980896,0.0,SRX25289885
ENSG00000196139,61.92295,0.0,SRX25289885
ENSG00000153714,61.87212,0.0,SRX25289885
ENSG00000221869,60.191017,0.0,SRX25289885
ENSG00000168679,59.764416,0.0,SRX25289885
ENSG00000198959,59.402153,0.0,SRX25289885
ENSG00000125398,59.367367,0.0,SRX25289885
ENSG00000272398,59.35016,0.0,SRX25289885
ENSG00000183010,59.209488,0.0,SRX25289885
ENSG00000113924,59.162956,0.0,SRX25289885
ENSG00000275216,59.146072,0.0,SRX25289885
ENSG00000038427,58.759346,0.0,SRX25289885
ENSG00000197766,58.53289,0.0,SRX25289885
ENSG00000169242,58.247402,0.0,SRX25289885
ENSG00000124107,58.178032,0.0,SRX25289885
ENSG00000111907,58.152733,0.0,SRX25289885
ENSG00000197140,58.120384,0.0,SRX25289885
ENSG00000149380,57.866768,0.0,SRX25289885
ENSG00000198732,57.59441,0.0,SRX25289885
ENSG00000111700,57.251583,0.0,SRX25289885
ENSG00000198074,57.24821,0.0,SRX25289885
ENSG00000258818,57.22191,0.0,SRX25289885
ENSG00000205754,57.121124,0.0,SRX25289885
ENSG00000168955,57.12021,0.0,SRX25289885
ENSG00000115457,57.0184,0.0,SRX25289885
ENSG00000163735,56.923187,0.0,SRX25289885
ENSG00000214803,56.874626,0.0,SRX25289885
ENSG00000162545,56.691692,0.0,SRX25289885
ENSG00000138772,56.398285,0.0,SRX25289885
ENSG00000176697,55.619854,0.0,SRX25289885
ENSG00000116711,55.05599,0.0,SRX25289885
ENSG00000227471,54.959324,0.0,SRX25289885
ENSG00000163806,54.829678,0.0,SRX25289885
ENSG00000198355,54.243885,0.0,SRX25289885
ENSG00000168209,54.094036,0.0,SRX25289885
ENSG00000205336,54.031258,0.0,SRX25289885
ENSG00000172572,65.73576,0.0,SRX25289888
ENSG00000038427,65.03486,0.0,SRX25289888
ENSG00000146166,64.90834,0.0,SRX25289888
ENSG00000198732,63.970253,0.0,SRX25289888
ENSG00000121039,62.6062,0.0,SRX25289888
ENSG00000176907,61.824173,0.0,SRX25289888
ENSG00000253944,61.466827,0.0,SRX25289888
ENSG00000115414,60.036198,0.0,SRX25289888
ENSG00000173801,59.12297,0.0,SRX25289888
ENSG00000142303,58.71301,0.0,SRX25289888
ENSG00000112837,58.59004,0.0,SRX25289888
ENSG00000187134,58.235966,0.0,SRX25289888
ENSG00000019505,58.14426,0.0,SRX25289888
ENSG00000104760,56.688354,0.0,SRX25289888
ENSG00000129595,56.444256,0.0,SRX25289888
ENSG00000131746,55.79313,0.0,SRX25289888
ENSG00000003436,55.0958,0.0,SRX25289888
ENSG00000214530,54.960205,0.0,SRX25289888
ENSG00000168398,54.889385,0.0,SRX25289888
ENSG00000258818,54.87288,0.0,SRX25289888
ENSG00000182836,54.86725,0.0,SRX25289888
ENSG00000183891,54.63868,0.0,SRX25289888
ENSG00000176153,54.36549,0.0,SRX25289888
ENSG00000129007,54.294643,0.0,SRX25289888
ENSG00000159403,54.073673,0.0,SRX25289888
ENSG00000102287,53.995834,0.0,SRX25289888
ENSG00000188906,53.638847,0.0,SRX25289888
ENSG00000179862,53.254425,0.0,SRX25289888
ENSG00000276256,53.12253,0.0,SRX25289888
ENSG00000143878,53.029625,0.0,SRX25289888
ENSG00000203721,53.015537,0.0,SRX25289888
ENSG00000198517,52.98171,0.0,SRX25289888
ENSG00000177283,52.660213,0.0,SRX25289888
ENSG00000146674,52.31674,0.0,SRX25289888
ENSG00000003989,52.018257,0.0,SRX25289888
ENSG00000227471,51.94486,0.0,SRX25289888
ENSG00000063127,51.94315,0.0,SRX25289888
ENSG00000166033,51.760998,0.0,SRX25289888
ENSG00000173599,51.750923,0.0,SRX25289888
ENSG00000187634,51.556103,0.0,SRX25289888
ENSG00000089127,51.457806,0.0,SRX25289888
ENSG00000149380,51.42625,0.0,SRX25289888
ENSG00000275410,51.326717,0.0,SRX25289888
ENSG00000257354,51.159298,0.0,SRX25289888
ENSG00000163735,51.120804,0.0,SRX25289888
ENSG00000095383,51.055733,0.0,SRX25289888
ENSG00000113916,51.02687,0.0,SRX25289888
ENSG00000165323,50.984634,0.0,SRX25289888
ENSG00000081052,50.88593,0.0,SRX25289888
ENSG00000152904,50.87475,0.0,SRX25289888
ENSG00000187134,84.63665,0.0,SRX25289880
ENSG00000176153,76.841805,0.0,SRX25289880
ENSG00000172572,76.53395,0.0,SRX25289880
ENSG00000089127,74.901825,0.0,SRX25289880
ENSG00000121039,73.45428,0.0,SRX25289880
ENSG00000173801,72.357834,0.0,SRX25289880
ENSG00000176907,71.727356,0.0,SRX25289880
ENSG00000151632,71.16978,0.0,SRX25289880
ENSG00000198732,70.71802,0.0,SRX25289880
ENSG00000162545,70.68234,0.0,SRX25289880
ENSG00000187634,70.433014,0.0,SRX25289880
ENSG00000196139,69.83263,0.0,SRX25289880
ENSG00000214530,69.53105,0.0,SRX25289880
ENSG00000198074,69.01818,0.0,SRX25289880
ENSG00000003436,68.0067,0.0,SRX25289880
ENSG00000253944,67.11507,0.0,SRX25289880
ENSG00000038427,67.02509,0.0,SRX25289880
ENSG00000146166,66.680984,0.0,SRX25289880
ENSG00000124107,66.567154,0.0,SRX25289880
ENSG00000275216,65.99955,0.0,SRX25289880
ENSG00000101255,65.66716,0.0,SRX25289880
ENSG00000104760,65.444534,0.0,SRX25289880
ENSG00000019186,65.418205,0.0,SRX25289880
ENSG00000141542,64.954735,0.0,SRX25289880
ENSG00000112837,64.82669,0.0,SRX25289880
ENSG00000117983,64.62112,0.0,SRX25289880
ENSG00000111907,64.55512,0.0,SRX25289880
ENSG00000143819,64.488464,0.0,SRX25289880
ENSG00000129007,63.9319,0.0,SRX25289880
ENSG00000116711,63.46368,0.0,SRX25289880
ENSG00000160179,63.230442,0.0,SRX25289880
ENSG00000108176,62.751526,0.0,SRX25289880
ENSG00000197766,62.629063,0.0,SRX25289880
ENSG00000135750,62.595398,0.0,SRX25289880
ENSG00000215182,62.256504,0.0,SRX25289880
ENSG00000166741,62.13928,0.0,SRX25289880
ENSG00000179862,61.684784,0.0,SRX25289880
ENSG00000163735,61.498684,0.0,SRX25289880
ENSG00000175832,61.161564,0.0,SRX25289880
ENSG00000162032,60.99993,0.0,SRX25289880
ENSG00000139266,60.92842,0.0,SRX25289880
ENSG00000128311,60.927402,0.0,SRX25289880
ENSG00000163683,60.636166,0.0,SRX25289880
ENSG00000146674,60.51084,0.0,SRX25289880
ENSG00000173621,60.351456,0.0,SRX25289880
ENSG00000107960,60.336163,0.0,SRX25289880
ENSG00000095739,60.220745,0.0,SRX25289880
ENSG00000111275,60.135,0.0,SRX25289880
ENSG00000183891,60.09063,0.0,SRX25289880
ENSG00000213928,60.064877,0.0,SRX25289880
ENSG00000090382,115.25277,0.0,SRX19004457
ENSG00000100985,113.06119,0.0,SRX19004457
ENSG00000130203,107.873245,0.0,SRX19004457
ENSG00000158869,103.38077,0.0,SRX19004457
ENSG00000163220,102.47044,0.0,SRX19004457
ENSG00000011600,102.43589,0.0,SRX19004457
ENSG00000204525,101.618126,0.0,SRX19004457
ENSG00000234745,99.77171,0.0,SRX19004457
ENSG00000019582,99.149025,0.0,SRX19004457
ENSG00000216490,97.85105,0.0,SRX19004457
ENSG00000196126,95.307396,0.0,SRX19004457
ENSG00000133048,93.72736,0.0,SRX19004457
ENSG00000206503,92.12658,0.0,SRX19004457
ENSG00000126709,91.92269,0.0,SRX19004457
ENSG00000143546,91.307045,0.0,SRX19004457
ENSG00000136167,90.96987,0.0,SRX19004457
ENSG00000025708,89.231964,0.0,SRX19004457
ENSG00000160255,89.046455,0.0,SRX19004457
ENSG00000108691,89.03259,0.0,SRX19004457
ENSG00000133106,88.18563,0.0,SRX19004457
ENSG00000204642,87.666756,0.0,SRX19004457
ENSG00000081237,87.05304,0.0,SRX19004457
ENSG00000162511,85.73715,0.0,SRX19004457
ENSG00000132530,85.687386,0.0,SRX19004457
ENSG00000157601,85.45564,0.0,SRX19004457
ENSG00000117091,84.582825,0.0,SRX19004457
ENSG00000143119,84.18573,0.0,SRX19004457
ENSG00000166710,83.96111,0.0,SRX19004457
ENSG00000107099,83.514565,0.0,SRX19004457
ENSG00000185811,82.500626,0.0,SRX19004457
ENSG00000204592,82.3532,0.0,SRX19004457
ENSG00000165140,82.33246,0.0,SRX19004457
ENSG00000265972,81.64883,0.0,SRX19004457
ENSG00000130303,81.54175,0.0,SRX19004457
ENSG00000115415,81.1686,0.0,SRX19004457
ENSG00000043462,81.034225,0.0,SRX19004457
ENSG00000204287,80.87431,0.0,SRX19004457
ENSG00000133574,80.85502,0.0,SRX19004457
ENSG00000142669,79.53468,0.0,SRX19004457
ENSG00000136250,79.35754,0.0,SRX19004457
ENSG00000163565,79.134705,0.0,SRX19004457
ENSG00000111348,78.92252,0.0,SRX19004457
ENSG00000163131,78.43196,0.0,SRX19004457
ENSG00000134516,77.983475,0.0,SRX19004457
ENSG00000142347,77.78746,0.0,SRX19004457
ENSG00000047365,77.657364,0.0,SRX19004457
ENSG00000231389,77.24992,0.0,SRX19004457
ENSG00000112096,77.074425,0.0,SRX19004457
ENSG00000075884,76.70989,0.0,SRX19004457
ENSG00000223865,76.60586,0.0,SRX19004457
